<?xml version="1.0" encoding="UTF-8"?>
<project-private xmlns="http://www.netbeans.org/ns/project-private/1">
    <editor-bookmarks xmlns="http://www.netbeans.org/ns/editor-bookmarks/2" lastBookmarkId="0"/>
    <open-files xmlns="http://www.netbeans.org/ns/projectui-open-files/2">
        <group>
            <file>file:/C:/Users/Chinna/Documents/NetBeansProjects/15-08-2024/web/Home.css</file>
            <file>file:/C:/Users/Chinna/Documents/NetBeansProjects/15-08-2024/web/index.html</file>
            <file>file:/C:/Users/Chinna/Documents/NetBeansProjects/15-08-2024/web/Login.css</file>
            <file>file:/C:/Users/Chinna/Documents/NetBeansProjects/15-08-2024/web/Login.html</file>
            <file>file:/C:/Users/Chinna/Documents/NetBeansProjects/15-08-2024/web/Service.css</file>
            <file>file:/C:/Users/Chinna/Documents/NetBeansProjects/15-08-2024/web/About.html</file>
            <file>file:/C:/Users/Chinna/Documents/NetBeansProjects/15-08-2024/web/Home.html</file>
            <file>file:/C:/Users/Chinna/Documents/NetBeansProjects/15-08-2024/web/About.css</file>
            <file>file:/C:/Users/Chinna/Documents/NetBeansProjects/15-08-2024/web/Services.html</file>
            <file>file:/C:/Users/Chinna/Documents/NetBeansProjects/15-08-2024/web/Register.css</file>
            <file>file:/C:/Users/Chinna/Documents/NetBeansProjects/15-08-2024/web/Register.html</file>
        </group>
    </open-files>
</project-private>
